cookie_id,timestamp
aB3RgH7pQs2tY4wZ,2023-11-14T12:30:00Z
xK8oP1vN3mC5eF9u,2023-11-14T13:45:00Z
zL6sT2qG4wR7vU1y,2023-11-14T15:20:00Z
mX3cV5bN9uQ2pA4o,2023-11-14T17:00:00Z
iJ7eH5fU0kZ8lM3n,2023-11-14T18:30:00Z
oP2rA4oV6lM3nX8c,2023-11-14T20:15:00Z
qG4wR7vU1yZ8lM3n,2023-11-14T21:45:00Z
tY4wZ8lM3nX1vN3m,2023-11-14T23:00:00Z
pQs2tY4wZ8lM3nX5b,2023-11-15T01:30:00Z
wR7vU1yZ8lM3nX5b,2023-11-15T03:15:00Z
aB3RgH7pQs2tY4wZ,2023-11-15T04:45:00Z
xK8oP1vN3mC5eF9u,2023-11-15T06:00:00Z
zL6sT2qG4wR7vU1y,2023-11-15T08:30:00Z
mX3cV5bN9uQ2pA4o,2023-11-15T10:15:00Z
iJ7eH5fU0kZ8lM3n,2023-11-15T11:45:00Z
oP2rA4oV6lM3nX8c,2023-11-15T13:00:00Z
qG4wR7vU1yZ8lM3n,2023-11-15T15:30:00Z
tY4wZ8lM3nX1vN3m,2023-11-15T17:15:00Z
tY4wZ8lM3nX1vN3m,2023-11-15T17:16:00Z
pQs2tY4wZ8lM3nX5b,2023-11-15T18:45:00Z
wR7vU1yZ8lM3nX5b,2023-11-15T20:00:00Z
aB3RgH7pQs2tY4wZ,2023-11-15T22:30:00Z
xK8oP1vN3mC5eF9u,2023-11-15T23:45:00Z
zL6sT2qG4wR7vU1y,2023-11-16T01:20:00Z
mX3cV5bN9uQ2pA4o,2023-11-16T03:00:00Z
iJ7eH5fU0kZ8lM3n,2023-11-16T04:30:00Z
oP2rA4oV6lM3nX8c,2023-11-16T06:15:00Z
qG4wR7vU1yZ8lM3n,2023-11-16T08:45:00Z
tY4wZ8lM3nX1vN3m,2023-11-16T10:00:00Z
pQs2tY4wZ8lM3nX5b,2023-11-16T11:30:00Z
